{
  "kpis": {
    "total_users": 2500,
    "overall_churn_rate_pct": 39.92,
    "churn_model_auc": 0.7635114927796292,
    "corr_consumption_sleep": -0.6573425302340127,
    "corr_consumption_stress": 0.5752634091764183,
    "corr_sleep_stress": -0.5080144437257027
  },
  "regression": {
    "model_a": {
      "formula": "sleep_quality ~ consumption_freq",
      "coef": -0.889919163515576,
      "intercept": 81.46632961204874
    },
    "model_b": {
      "formula": "stress_level ~ consumption_freq + sleep_quality",
      "coef_consumption": 0.5790531251178346,
      "coef_sleep": -0.23017908551419847,
      "intercept": 23.21100395816673
    }
  },
  "churn_drivers": {
    "consumption_freq_hrs_wk": 0.085,
    "sleep_quality_score": -0.318,
    "stress_level_score": 0.58,
    "tenure_months": -0.352
  },
  "roc_curve": {
    "fpr": [
      0.0,
      0.005,
      0.011,
      0.019,
      0.024,
      0.032,
      0.037,
      0.048,
      0.056,
      0.072,
      0.08,
      0.093,
      0.098,
      0.112,
      0.117,
      0.128,
      0.146,
      0.165,
      0.178,
      0.186,
      0.191,
      0.202,
      0.218,
      0.231,
      0.245,
      0.258,
      0.271,
      0.301,
      0.332,
      0.346,
      0.359,
      0.38,
      0.386,
      0.423,
      0.444,
      0.463,
      0.492,
      0.513,
      0.529,
      0.559,
      0.58,
      0.606,
      0.625,
      0.654,
      0.668,
      0.723,
      0.731,
      0.795,
      0.822,
      0.875,
      0.941
    ],
    "tpr": [
      0.0,
      0.08,
      0.108,
      0.145,
      0.197,
      0.217,
      0.249,
      0.257,
      0.321,
      0.337,
      0.365,
      0.382,
      0.398,
      0.418,
      0.454,
      0.478,
      0.522,
      0.53,
      0.542,
      0.558,
      0.574,
      0.594,
      0.61,
      0.622,
      0.643,
      0.651,
      0.671,
      0.679,
      0.695,
      0.703,
      0.715,
      0.723,
      0.747,
      0.763,
      0.787,
      0.807,
      0.827,
      0.835,
      0.855,
      0.871,
      0.884,
      0.9,
      0.912,
      0.92,
      0.936,
      0.944,
      0.956,
      0.964,
      0.976,
      0.984,
      0.996
    ]
  },
  "churn_by_stress_quartile": {
    "labels": [
      "Q1 (Low)",
      "Q2",
      "Q3",
      "Q4 (High)"
    ],
    "values": [
      20.4,
      30.4,
      45.5,
      63.7
    ]
  },
  "scatter_sample": {
    "consumption": [
      21.6,
      10.2,
      26.3,
      27.7,
      15.6,
      24.5,
      22.4,
      7.1,
      21.5,
      11.7,
      9.7,
      22.6,
      28.0,
      11.4,
      11.7,
      11.3,
      28.9,
      30.2,
      20.0,
      5.7,
      14.1,
      6.5,
      15.2,
      6.5,
      27.7,
      44.3,
      11.2,
      5.6,
      14.6,
      19.3,
      14.7,
      25.3,
      12.9,
      23.2,
      28.5,
      32.8,
      3.4,
      17.7,
      21.0,
      1.9,
      30.4,
      19.7,
      19.8,
      24.8,
      15.3,
      7.1,
      18.1,
      15.1,
      26.2,
      25.2,
      24.6,
      9.4,
      2.8,
      17.8,
      10.0,
      17.1,
      4.7,
      7.8,
      12.9,
      15.2,
      18.3,
      6.3,
      19.5,
      9.5,
      13.9,
      6.2,
      20.5,
      8.8,
      8.8,
      25.6,
      7.2,
      21.2,
      27.4,
      16.1,
      34.2,
      14.0,
      4.4,
      14.5,
      31.6,
      20.8,
      23.5,
      16.5,
      16.2,
      7.1,
      10.4,
      16.7,
      42.2,
      9.0,
      18.5,
      16.3,
      11.3,
      10.4,
      11.4,
      16.7,
      20.8,
      28.3,
      17.5,
      9.1,
      13.4,
      28.0,
      11.1,
      15.0,
      4.4,
      11.4,
      5.6,
      9.8,
      25.9,
      33.9,
      9.6,
      7.6,
      4.4,
      12.5,
      32.6,
      11.5,
      18.3,
      12.5,
      20.0,
      16.1,
      15.8,
      10.5,
      11.7,
      18.9,
      7.7,
      18.8,
      23.2,
      8.1,
      10.3,
      12.7,
      24.4,
      9.5,
      14.7,
      29.1,
      12.6,
      21.4,
      24.6,
      19.8,
      10.4,
      31.2,
      20.4,
      10.0,
      8.9,
      14.5,
      6.2,
      9.6,
      20.4,
      21.5,
      19.4,
      13.7,
      16.6,
      17.7,
      7.7,
      14.8,
      18.8,
      18.7,
      8.8,
      7.1,
      12.4,
      32.3,
      30.3,
      11.9,
      23.1,
      16.2,
      4.2,
      21.8,
      12.2,
      17.1,
      22.9,
      24.9,
      8.8,
      27.3,
      34.9,
      14.5,
      8.1,
      19.8,
      22.4,
      13.8,
      13.1,
      11.6,
      6.6,
      9.9,
      6.6,
      21.9,
      13.0,
      22.7,
      9.3,
      12.6,
      17.7,
      2.9,
      26.2,
      4.5,
      11.8,
      16.1,
      6.3,
      22.6,
      9.5,
      15.3,
      9.3,
      11.0,
      20.1,
      21.5,
      20.8,
      13.1,
      16.9,
      14.1,
      31.4,
      11.2,
      11.7,
      13.9,
      4.6,
      10.8,
      18.8,
      6.8,
      25.2,
      12.5,
      7.4,
      15.8,
      11.3,
      12.9,
      14.2,
      14.8,
      21.9,
      18.8,
      30.0,
      17.2,
      18.7,
      23.1,
      18.8,
      11.8,
      13.9,
      24.2,
      26.9,
      7.0,
      23.5,
      22.4,
      13.7,
      24.7,
      10.8,
      9.2,
      16.2,
      20.1,
      21.3,
      32.0,
      12.2,
      21.2,
      18.2,
      7.7,
      16.6,
      16.5,
      10.8,
      26.3,
      37.1,
      12.3,
      9.5,
      14.6,
      19.0,
      16.1,
      17.0,
      14.6,
      9.1,
      11.7,
      16.0,
      45.0,
      11.4,
      16.6,
      1.7,
      12.0,
      22.5,
      13.0,
      22.3,
      7.8,
      9.4,
      2.4,
      23.7,
      14.0,
      13.9,
      15.5,
      2.8,
      27.2,
      20.7,
      32.6,
      8.5,
      13.9,
      20.1,
      18.0,
      10.7,
      6.3,
      16.5,
      13.0,
      34.0,
      13.5,
      10.9,
      8.2,
      21.4,
      32.9,
      24.6,
      17.3,
      21.0,
      15.3,
      12.4,
      4.4
    ],